0,NEW CONTACT TEST ONE,*,*,Adding a new contact.#Newline<addinfo><displayname>Alan Turing</displayname><dialnumber>212-1912</dialnumber><phonetype>mobile</phonetype><emailaddress>alan.turing@manchester.edu</emailaddress><emailtype>work</emailtype><birthday>June 23#Comma 1912</birthday></addinfo>,contactaction.aiml
0,NEW CONTACT TEST,*,*,Adding a new contact.#Newline<addinfo><displayname>XYZ</displayname><dialnumber>212-1912</dialnumber><phonetype>mobile</phonetype><emailaddress>xyz@abc.de</emailaddress><emailtype>work</emailtype><birthday>June 23#Comma 1992</birthday></addinfo>,contactaction.aiml
0,CONTACTS TEST,*,*,Adding new contacts.#Newline<addinfo><displayname>Howard Johnson</displayname><dialnumber>111-1111</dialnumber><phonetype>mobile</phonetype><emailaddress>howard@hj.com</emailaddress><emailtype>work</emailtype><birthday>June 12#Comma 1901</birthday></addinfo><addinfo><displayname>Lyndon Johnson</displayname><dialnumber>222-2222</dialnumber><phonetype>mobile</phonetype><emailaddress>lbj@whitehouse.gov</emailaddress><emailtype>work</emailtype><birthday>January 12#Comma 1911</birthday></addinfo><addinfo><displayname>Dr. Phil Calvin McGraw</displayname><dialnumber>333-333</dialnumber><phonetype>mobile</phonetype><emailaddress>drphil@own.com</emailaddress><emailtype>work</emailtype><birthday>September 1#Comma 1950</birthday></addinfo>,contactaction.aiml
0,* S * NUMBER IS *,*,*,<srai>CONTACTINIT</srai>#Newline      <think>#Newline        <set name="contactname">#Newline          <star/>#Newline        </set>#Newline        <set name="contacttype">#Newline          <star index="2"/>#Newline        </set>#Newline        <set name="contacturi">#Newline          <star index="3"/>#Newline        </set>#Newline        <set name="learnpattern">DIALNUMBER</set>#Newline      </think>#Newline      <srai>ADDACTION</srai>,contactaction.aiml
0,*,WOULD YOU LIKE TO ADD ONE,ASKING TO ADD NEW CONTACTURI,<think>#Newline          <set name="topic">unknown</set>#Newline        </think>#Newline        <srai>CONTACTFINALIZE</srai>#Newline        <srai>#Newline          <star/>#Newline        </srai>,contactaction.aiml
0,*,WOULD YOU LIKE TO ADD * AS A CONTACT,ASKING TO ADD NEW CONTACTNAME,<think>#Newline          <set name="topic">unknown</set>#Newline        </think>#Newline        <srai>CONTACTFINALIZE</srai>#Newline        <srai>#Newline          <star/>#Newline        </srai>,contactaction.aiml
0,TELL THAT TO *,*,*,<srai>CONTACTINIT</srai>#Newline      <think>#Newline        <set name="contactname">#Newline          <star/>#Newline        </set>#Newline        <set name="messagebody">#Newline          <response/>#Newline        </set>#Newline      </think>#Newline      <srai>SMSACTION</srai>,contactaction.aiml
0,SEND EMAIL,*,*,<srai>CONTACTDEBUGINFO EMAIL</srai>#Newline      <srai>CONTACTINIT</srai>#Newline      <srai>EMAILACTION</srai>,contactaction.aiml
0,ADDINFO CONTACTID,*,*,<srai>CONTACTDEBUGINFO ADDINFO CONTACT</srai>#Newline      <think>#Newline        <condition name="modecom">#Newline          <li value="ADD">#Newline            <condition name="contacttype" value="unknown">#Newline              <set name="contacttype">home</set>#Newline            </condition>#Newline          </li>#Newline          <li value="SMS">#Newline            <condition name="contacttype" value="unknown">#Newline              <set name="contacttype">mobile</set>#Newline            </condition>#Newline          </li>#Newline          <li value="CALL">#Newline            <condition name="contacttype" value="unknown">#Newline              <set name="contacttype">mobile</set>#Newline            </condition>#Newline          </li>#Newline          <li value="EMAIL">#Newline            <condition name="contacttype" value="unknown">#Newline              <set name="contacttype">home</set>#Newline            </condition>#Newline          </li>#Newline          <li>#Newline            <condition name="contacttype" value="unknown">#Newline              <set name="contacttype">home</set>#Newline            </condition>#Newline          </li>#Newline        </condition>#Newline        <condition>#Newline          <name>learnpattern</name>#Newline          <li>#Newline            <value>DIALNUMBER</value>#Newline            <addinfo>#Newline              <displayname>#Newline                <get name="displayname"/>#Newline              </displayname>#Newline              <phonetype>#Newline                <get name="contacttype"/>#Newline              </phonetype>#Newline              <dialnumber>#Newline                <get name="contacturi"/>#Newline              </dialnumber>#Newline              <birthday>#Newline                <get name="contactbirthday"/>#Newline              </birthday>#Newline            </addinfo>#Newline          </li>#Newline          <li>#Newline            <value>EMAILADDRESS</value>#Newline            <addinfo>#Newline              <displayname>#Newline                <get name="displayname"/>#Newline              </displayname>#Newline              <emailtype>#Newline                <get name="contacttype"/>#Newline              </emailtype>#Newline              <emailaddress>#Newline                <get name="contacturi"/>#Newline              </emailaddress>#Newline              <birthday>#Newline                <get name="contactbirthday"/>#Newline              </birthday>#Newline            </addinfo>#Newline          </li>#Newline          <li>#Newline            <addinfo>#Newline              <displayname>#Newline                <get name="displayname"/>#Newline              </displayname>#Newline            </addinfo>#Newline          </li>#Newline        </condition>#Newline      </think>#NewlineI'm remembering <get name="displayname"/>'s <lowercase><get name="contacttype"/></lowercase><condition name="learnpattern"><li value="DIALNUMBER">phone number</li><li value="EMAILADDRESS">email address</li></condition> is <get name="contacturi"/>.,contactaction.aiml
0,ASK TO ADD NEW CONTACTNAME,*,*,<think>#Newline        <set name="topic">ASKING TO ADD NEW CONTACTNAME</set>#Newline      </think>#NewlineWould you like to add <get name="contactname"/> as a contact?,contactaction.aiml
0,ASK CONTACTNAME,*,*,<srai>CONTACTDEBUGINFO ASK CONTACTNAME</srai>#Newline      <think>#Newline        <set name="topic">ASKING CONTACTNAME</set>#Newline      </think>#NewlineWho do you want to <lowercase><get name="modecom"/></lowercase>?,contactaction.aiml
0,ASK MESSAGEBODY,*,*,<think>#Newline        <set name="savedtopic">#Newline          <get name="topic"/>#Newline        </set>#Newline        <set name="topic">ASKING MESSAGEBODY</set>#Newline      </think>#NewlineWhat is your message to <get name="displayname"/>?,contactaction.aiml
0,CONTACTDIALOG,*,*,<srai>CONTACTDEBUGINFO CONTACTDIALOG</srai>#Newline      <think>#Newline        <set name="multipleids">#Newline          <srai>MULTIPLEIDS <get name="contactname"/></srai>#Newline        </set>#Newline        <set name="multiplenames">#Newline          <srai>MULTIPLENAMES <get name="contactname"/></srai>#Newline        </set>#Newline        <set name="contactlist">#Newline          <srai>CONTACTLIST <get name="multipleids"/></srai>#Newline          <item>None of the above</item>#Newline        </set>#Newline        <set name="topic">GETTING SELECTEDCONTACT</set>#Newline      </think>#Newline      <oob>#Newline        <dialog>#Newline          <title>Which contact?</title>#Newline          <list>#Newline            <get name="contactlist"/>#Newline          </list>#Newline        </dialog>#Newline      </oob>#NewlineYou have multiple contacts named <get name="contactname"/>: <get name="multiplenames"/>.  Which one would you like to #Newline<lowercase><get name="modecom"/></lowercase>?,contactaction.aiml
0,CONTACTDIALOG *,*,*,<think>#Newline        <set name="contactname">#Newline          <star/>#Newline        </set>#Newline        <set name="modecom">CALL</set>#Newline      </think>#Newline      <srai>CONTACTDIALOG</srai>,contactaction.aiml
0,_,WHICH ONE WOULD YOU LIKE TO *,GETTING SELECTEDCONTACT,<think>#Newline          <set name="topic">#Newline            <get name="unknown"/>#Newline          </set>#Newline          <set name="selectedcontact">#Newline            <star/>#Newline          </set>#Newline          <set name="contactname">#Newline            <get name="selectedcontact"/>#Newline          </set>#Newline          <set name="contactid">#Newline            <srai>CONTACTID <get name="selectedcontact"/></srai>#Newline          </set>#Newline          <srai>SET ALL CONTACTINFO</srai>#Newline        </think>#Newline        <srai>REMEMBERFAMILIARNAME</srai>#Newline        <condition name="selectedcontact">#Newline          <li value="None of the above">#Newline            <srai>CONTACTFINALIZE</srai>#Newline            <srai>NORESP</srai>#Newline          </li>#Newline          <li>#Newline            <condition name="contactid">#Newline              <li value="unknown">#Newline                <srai>#Newline                  <star/>#Newline                </srai>#Newline              </li>#Newline              <li>#Newline                <srai>RESUMEACTION <get name="modecom"/></srai>#Newline              </li>#Newline            </condition>#Newline          </li>#Newline        </condition>,contactaction.aiml
0,_,WHAT IS YOUR MESSAGE TO *,ASKING MESSAGEBODY,<think>#Newline          <set name="topic">unknown</set>#Newline          <set name="messagebody">#Newline            <star/>#Newline          </set>#Newline        </think>#Newline        <srai>RESUMEACTION <get name="modecom"/></srai>,contactaction.aiml
0,_,WHAT IS THE * FOR *,ASKING CONTACTURI,<think>#Newline          <set name="topic">unknown</set>#Newline          <set name="contacturi">#Newline            <star/>#Newline          </set>#Newline          <set name="isaphonenumber">#Newline            <srai>ISAPHONENUMBER <get name="contacturi"/></srai>#Newline          </set>#Newline          <set name="isanemailaddress">#Newline            <srai>ISANEMAILADDRESS <get name="contacturi"/></srai>#Newline          </set>#Newline          <set name="isacontacturi">#Newline            <srai>LOGICALOR <get name="isanemailaddress"/><get name="isaphonenumber"/></srai>#Newline          </set>#Newline          <condition name="isanemailaddress" value="true">#Newline            <set name="emailaddress">#Newline              <get name="contacturi"/>#Newline            </set>#Newline            <set name="learnpattern">EMAILADDRESS</set>#Newline          </condition>#Newline          <condition name="isaphonenumber" value="true">#Newline            <set name="dialnumber">#Newline              <srai>FORMATPHONENUMBER <get name="contacturi"/></srai>#Newline            </set>#Newline            <set name="learnpattern">DIALNUMBER</set>#Newline          </condition>#Newline        </think>#Newline        <condition name="isacontacturi">#Newline          <li value="true">#Newline            <srai>ADDINFO CONTACTID</srai>#Newline            <srai>RESUMEACTION <get name="modecom"/></srai>#Newline          </li>#Newline          <li>I did not recognize <get name="contacturi"/> as a phone number or email address. <srai>CONTACTFINALIZE</srai><srai><star/></srai></li>#Newline        </condition>,contactaction.aiml
0,_,WHO DO YOU WANT TO *,ASKING CONTACTNAME,<think>#Newline          <set name="topic">unknown</set>#Newline          <set name="contactname">#Newline            <star/>#Newline          </set>#Newline          <set name="isshortanswer">#Newline            <srai>ISSHORTANSWER <star/></srai>#Newline          </set>#Newline        </think>#Newline        <condition name="isshortanswer">#Newline          <li value="true">#Newline            <srai>RESUMEACTION <get name="modecom"/></srai>#Newline          </li>#Newline          <li>#Newline            <srai>CONTACTFINALIZE</srai>#Newline            <srai>#Newline              <star/>#Newline            </srai>#Newline          </li>#Newline        </condition>,contactaction.aiml
0,EMAILACTION,*,*,<srai>CONTACTDEBUGINFO EMAILACTION</srai>#Newline      <think>#Newline        <set name="modecom">EMAIL</set>#Newline      </think>#Newline      <condition name="checkednameoruri">#Newline        <li value="false">#Newline          <srai>RESOLVE NAMEORURI</srai>#Newline        </li>#Newline        <li>#Newline          <condition name="contactname">#Newline            <li value="unknown">#Newline              <srai>ASK CONTACTNAME</srai>#Newline            </li>#Newline            <li>#Newline              <condition name="checkedfamiliarname">#Newline                <li value="false">#Newline                  <srai>RESOLVE FAMILIARNAME</srai>#Newline                </li>#Newline                <li>#Newline                  <condition name="contactid">#Newline                    <li value="unknown">#Newline                      <srai>RESOLVE CONTACTNAME</srai>#Newline                    </li>#Newline                    <li>#Newline                      <condition name="contacturi">#Newline                        <li value="unknown">#Newline                          <srai>RESOLVE CONTACTURI</srai>#Newline                        </li>#Newline                        <li>#Newline                          <condition name="messagebody">#Newline                            <li value="unknown">#Newline                              <srai>ASK MESSAGEBODY</srai>#Newline                            </li>#Newline                            <li>#Newline                              <oob>#Newline                                <email>#Newline                                  <to>#Newline                                    <get name="contacturi"/>#Newline                                  </to>#Newline                                  <subject>Message compose with CallMom!</subject>#Newline                                  <body>#Newline                                    <get name="messagebody"/>#Newline                                  </body>#Newline                                </email>#Newline                              </oob>Now sending "<get name="messagebody"/>" to <get name="displayname"/>. <srai>CONTACTFINALIZE</srai></li>#Newline                          </condition>#Newline                        </li>#Newline                      </condition>#Newline                    </li>#Newline                  </condition>#Newline                </li>#Newline              </condition>#Newline            </li>#Newline          </condition>#Newline        </li>#Newline      </condition>,contactaction.aiml
0,DEBUG CONTACT,*,*,<set name="debugcontact">true</set>,contactaction.aiml
0,CONTACTFINALIZE,*,*,<think>#Newline        <set name="topic">#Newline          <get name="savedtopic"/>#Newline        </set>#Newline      </think>#Newline      <srai>CONTACTINIT PREDICATES</srai>,contactaction.aiml
0,DIALNUMBER UNKNOWN *,*,*,<think>#Newline        <set name="dialnumber">#Newline          <srai>DIALNUMBER MOBILE <star/></srai>#Newline        </set>#Newline        <condition name="dialnumber" value="unknown">#Newline          <set name="dialnumber">#Newline            <srai>DIALNUMBER HOME <star/></srai>#Newline          </set>#Newline        </condition>#Newline        <condition name="dialnumber" value="unknown">#Newline          <set name="dialnumber">#Newline            <srai>DIALNUMBER WORK <star/></srai>#Newline          </set>#Newline        </condition>#Newline        <condition name="dialnumber" value="unknown">#Newline          <set name="dialnumber">#Newline            <srai>DIALNUMBER CUSTOM <star/></srai>#Newline          </set>#Newline        </condition>#Newline      </think>#Newline      <get name="dialnumber"/>,contactaction.aiml
0,NEW CONTACT,*,*,<srai>CONTACTDEBUGINFO ADD CONTACT</srai>#Newline      <srai>CONTACTINIT</srai>#Newline      <srai>ADDACTION</srai>,contactaction.aiml
0,NEW CONTACT *,*,*,<srai>CONTACTINIT</srai>#Newline      <think>#Newline        <set name="contactname">#Newline          <star/>#Newline        </set>#Newline      </think>#Newline      <srai>ADDACTION</srai>,contactaction.aiml
0,YES,WOULD YOU LIKE TO ADD ONE,ASKING TO ADD NEW CONTACTURI,<think>#Newline          <set name="topic">ASKING CONTACTURI</set>#Newline        </think>#Newline        <condition name="modecom">#Newline          <li value="EMAIL">What is the email address for <get name="contactname"/>?</li>#Newline          <li value="CALL">What is the phone number for <get name="contactname"/>?</li>#Newline          <li value="SMS">What is the mobile number for <get name="contactname"/>?</li>#Newline          <li value="ADD">What is the mobile number for <get name="contactname"/>?</li>#Newline          <li>#Newline            <srai>CONTACTFINALIZE</srai>#Newline            <srai>NORESP</srai>#Newline          </li>#Newline        </condition>,contactaction.aiml
0,YES,WOULD YOU LIKE TO ADD * AS A CONTACT,ASKING TO ADD NEW CONTACTNAME,<think>#Newline          <set name="topic">unknown</set>#Newline          <set name="displayname">#Newline            <get name="contactname"/>#Newline          </set>#Newline        </think>#Newline        <think>#Newline          <addinfo>#Newline            <displayname>#Newline              <get name="contactname"/>#Newline            </displayname>#Newline          </addinfo>#Newline        </think>#NewlineI've saved <get name="contactname"/> to your contacts.#Newline<srai>RESUMEACTION <get name="modecom"/></srai>,contactaction.aiml
0,CONTACTINIT,*,*,<think>#Newline        <set name="savedtopic">#Newline          <get name="topic"/>#Newline        </set>#Newline      </think>#Newline      <srai>CONTACTINIT PREDICATES</srai>,contactaction.aiml
0,CONTACTINIT PREDICATES,*,*,<think>#Newline        <set name="checkedfamiliarname">false</set>#Newline        <set name="checkednameoruri">false</set>#Newline        <set name="contactid">unknown</set>#Newline        <set name="contactaddress">unknown</set>#Newline        <set name="contactbirthday">unknown</set>#Newline        <set name="contactname">unknown</set>#Newline        <set name="contactquery">unknown</set>#Newline        <set name="contacttype">unknown</set>#Newline        <set name="contacturi">unknown</set>#Newline        <set name="dialnumber">unknown</set>#Newline        <set name="displayname">unknown</set>#Newline        <set name="emailaddress">unknown</set>#Newline        <set name="externalname">unknown</set>#Newline        <set name="familiarcontactid">unknown</set>#Newline        <set name="familiarcontactname">unknown</set>#Newline        <set name="familiarname">unknown</set>#Newline        <set name="familiarpredicate">unknown</set>#Newline        <set name="familiarpronoun">unknown</set>#Newline        <set name="forceaddcontact">false</set>#Newline        <set name="isacontacturi">false</set>#Newline        <set name="isanemailaddress">false</set>#Newline        <set name="isaphonenumber">false</set>#Newline        <set name="isafamiliarname">false</set>#Newline        <set name="learnpattern">unknown</set>#Newline        <set name="messagebody">unknown</set>#Newline        <set name="modecom">unknown</set>#Newline        <set name="multipleids">false</set>#Newline        <set name="topic">unknown</set>#Newline      </think>,contactaction.aiml
0,NEWCONTACTID,*,*,<condition name="contactcount">#Newline        <li value="unknown">CMContactID<set name="contactcount">0</set></li>#Newline        <li>CMContactID<set name="contactcount"><srai>SUCCESSOR <get name="contactcount"/></srai></set></li>#Newline      </condition>,contactaction.aiml
0,RESOLVE NAMEORURI,*,*,<srai>CONTACTDEBUGINFO RESOLVE NAMEORURI</srai>#Newline      <think>#Newline        <set name="checkednameoruri">true</set>#Newline        <set name="isaphonenumber">#Newline          <srai>ISAPHONENUMBER <get name="contactname"/></srai>#Newline        </set>#Newline        <set name="isanemailaddress">#Newline          <srai>ISANEMAILADDRESS <get name="contactname"/></srai>#Newline        </set>#Newline      </think>#Newline      <think>#Newline        <condition name="modecom">#Newline          <li value="EMAIL">#Newline            <condition name="isanemailaddress" value="true">#Newline              <set name="contactid">undefined</set>#Newline              <set name="displayname">#Newline                <set name="emailaddress">#Newline                  <set name="contacturi">#Newline                    <get name="contactname"/>#Newline                  </set>#Newline                </set>#Newline              </set>#Newline            </condition>#Newline          </li>#Newline          <li>#Newline            <condition name="isaphonenumber" value="true">#Newline              <set name="contactid">undefined</set>#Newline  <set name="displayname"><set name="dialnumber"><set name="contacturi"><srai>FORMATPHONENUMBER <get name="contactname"/></srai></set></set></set></condition>#Newline          </li>#Newline        </condition>#Newline      </think>#Newline      <srai>RESUMEACTION <get name="modecom"/></srai>,contactaction.aiml
0,RESOLVE CONTACTNAME,*,*,<srai>CONTACTDEBUGINFO RESOLVE CONTACTNAME</srai>#Newline      <think>#Newline        <set name="contactid">#Newline          <srai>CONTACTID <get name="contactname"/></srai>#Newline        </set>#Newline        <set name="multipleids">#Newline          <srai>MULTIPLEIDS <get name="contactname"/></srai>#Newline        </set>#Newline      </think>#Newline      <condition name="multipleids">#Newline        <li value="false">#Newline          <condition name="contactid">#Newline            <li value="unknown">#Newline              <condition name="modecom">#Newline                <li value="QUERY">#Newline                  <think>#Newline                    <set name="contactid">undefined</set>#Newline                    <set name="externalname">#Newline                      <get name="contactname"/>#Newline                    </set>#Newline                  </think>#Newline                  <srai>RESUMEACTION <get name="modecom"/></srai>#Newline                </li>#Newline                <li>#Newline                  <condition name="forceaddcontact">#Newline                    <li value="false">#Newline                      <srai>ASK TO ADD NEW CONTACTNAME</srai>#Newline                    </li>#Newline                    <li>#Newline                      <think>#Newline                        <set name="displayname">#Newline                          <get name="contactname"/>#Newline                        </set>#Newline                      </think>#Newline                      <!--          <srai>LEARN CONTACTID <set name="contactid"><srai>NEWCONTACTID</srai></set> DISPLAYNAME <get name="contactname"/></srai> #Newline -->#Newline                      <addinfo>#Newline                        <displayname>#Newline                          <get name="contactname"/>#Newline                        </displayname>#Newline                      </addinfo>#Newline                      <srai>RESUMEACTION <get name="modecom"/></srai>#Newline                    </li>#Newline                  </condition>#Newline                </li>#Newline              </condition>#Newline            </li>#Newline            <li>#Newline              <srai>SET ALL CONTACTINFO</srai>#Newline              <srai>RESUMEACTION <get name="modecom"/></srai>#Newline            </li>#Newline          </condition>#Newline        </li>#Newline        <li>#Newline          <srai>CONTACTDIALOG</srai>#Newline        </li>#Newline      </condition>,contactaction.aiml
0,RESOLVE FAMILIARNAME,*,*,<srai>CONTACTDEBUGINFO RESOLVE FAMILIARNAME</srai>#Newline      <think>#Newline        <set name="checkedfamiliarname">true</set>#Newline        <set name="familiarname">#Newline          <get name="contactname"/>#Newline        </set>#Newline        <set name="familiarpredicate">#Newline          <srai>FAMILIARPREDICATE <get name="familiarname"/></srai>#Newline        </set>#Newline        <set name="familiarpronoun">#Newline          <srai>FAMILIARPRONOUN <get name="familiarname"/></srai>#Newline        </set>#Newline        <set name="isafamiliarname">#Newline          <srai>ISAFAMILIARNAME <get name="familiarname"/></srai>#Newline        </set>#Newline        <set name="familiarcontactname">#Newline          <srai>GETFAMILIARNAME</srai>#Newline        </set>#Newline        <set name="familiarcontactid">#Newline          <srai>CONTACTID <get name="familiarname"/></srai>#Newline        </set>#Newline      </think>#Newline      <!--#NewlineResolve familiarname:#Newlinecontactname = <get name="contactname"/>.#Newlinefamiliarname = <get name="familiarname"/>.#Newlineisafamiliarname = <get name="isafamiliarname"/>.#Newlinefamiliarpredicate =  <get name="familiarpredicate"/>.#Newlinefamiliarcontactname = <get name="familiarcontactname"/>.#Newlinefamiliarcontactid = <get name="familiarcontactid"/>.#Newline-->#Newline      <condition name="familiarcontactid">#Newline        <li value="unknown">#Newline          <condition name="familiarcontactname">#Newline            <li value="who">#Newline              <condition name="isafamiliarname">#Newline                <li value="true">#Newline                  <srai>ASK FAMILIAR CONTACTNAME</srai>#Newline                </li>#Newline                <li>#Newline                  <srai>RESUMEACTION <get name="modecom"/></srai>#Newline                </li>#Newline              </condition>#Newline            </li>#Newline            <li>#Newline              <think>#Newline                <set name="contactname">#Newline                  <get name="familiarcontactname"/>#Newline                </set>#Newline              </think>#Newline              <srai>RESUMEACTION <get name="modecom"/></srai>#Newline            </li>#Newline          </condition>#Newline        </li>#Newline        <li>#Newline          <think>#Newline            <set name="contactname">#Newline              <get name="familiarname"/>#Newline            </set>#Newline          </think>#Newline          <srai>RESUMEACTION <get name="modecom"/></srai>#Newline        </li>#Newline      </condition>,contactaction.aiml
0,RESOLVE CONTACTURI,*,*,<srai>CONTACTDEBUGINFO RESOLVE CONTACTURI</srai>#Newline      <think>#Newline        <set name="contactid">#Newline          <srai>CONTACTID <get name="contactname"/></srai>#Newline        </set>#Newline      </think>#Newline      <condition name="contactid">#Newline        <li value="unknown">#Newline          <condition name="forceaddcontact">#Newline            <li value="false">I didn't find <get name="contactname"/> in your contacts.      <srai>ASK TO ADD NEW CONTACTNAME</srai></li>#Newline            <li>#Newline              <think>#Newline                <set name="displayname">#Newline                  <get name="contactname"/>#Newline                </set>#Newline              </think>#Newline              <!--      <srai>LEARN CONTACTID <srai>NEWCONTACTID</srai> CONTACTNAME <get name="contactname"/></srai> -->#Newline              <srai>RESUMEACTION <get name="modecom"/></srai>#Newline            </li>#Newline          </condition>#Newline        </li>#Newline        <li>#Newline          <think>#Newline            <set name="displayname">#Newline              <srai>DISPLAYNAME <get name="contactid"/></srai>#Newline            </set>#Newline          </think>#Newline          <condition name="modecom">#Newline            <li value="EMAIL">#Newline              <think>#Newline                <set name="emailaddress">#Newline                  <set name="contacturi">#Newline                    <srai>EMAILADDRESS <get name="contacttype"/><get name="contactid"/></srai>#Newline                  </set>#Newline                </set>#Newline              </think>#Newline              <condition name="contacturi">#Newline                <li value="unknown">#Newline                  <think>#Newline                    <set name="topic">ASKING TO ADD NEW CONTACTURI</set>#Newline                  </think> #Newline      You haven't yet added <condition name="contacttype"><li value="unknown">an</li><li>a <get name="contacttype"/></li></condition> email address for <get name="displayname"/> to your contacts.  Would you like to add one?#Newline      </li>#Newline                <li>#Newline                  <srai>SET ALL CONTACTINFO</srai>#Newline                  <srai>RESUMEACTION <get name="modecom"/></srai>#Newline                </li>#Newline              </condition>#Newline            </li>#Newline            <li>#Newline              <think>#Newline                <set name="dialnumber">#Newline                  <set name="contacturi">#Newline                    <srai>DIALNUMBER <get name="contacttype"/><get name="contactid"/></srai>#Newline                  </set>#Newline                </set>#Newline              </think>#Newline              <condition name="contacturi">#Newline                <li value="unknown">#Newline                  <think>#Newline                    <set name="topic">ASKING TO ADD NEW CONTACTURI</set>#Newline                  </think> #NewlineYou haven't yet added <condition name="contacttype"><li value="unknown">a phone</li><li>a <get name="contacttype"/></li></condition> number for <get name="displayname"/> to your contacts.  Would you like to add one?#Newline      </li>#Newline                <li>#Newline                  <srai>SET ALL CONTACTINFO</srai>#Newline                  <srai>RESUMEACTION <get name="modecom"/></srai>#Newline                </li>#Newline              </condition>#Newline            </li>#Newline          </condition>#Newline        </li>#Newline      </condition>,contactaction.aiml
0,DIAL,*,*,<srai>CONTACTDEBUGINFO CALL</srai>#Newline      <srai>CONTACTINIT</srai>#Newline      <srai>CALLACTION</srai>,contactaction.aiml
0,ADDACTION,*,*,<srai>CONTACTDEBUGINFO ADDACTION</srai>#Newline      <think>#Newline        <set name="modecom">ADD</set>#Newline        <set name="forceaddcontact">true</set>#Newline      </think>#Newline      <condition name="checkedfamiliarname">#Newline        <li value="false">#Newline          <srai>RESOLVE FAMILIARNAME</srai>#Newline        </li>#Newline        <li>#Newline          <condition name="contactname">#Newline            <li value="unknown">#Newline              <srai>ASK CONTACTNAME</srai>#Newline            </li>#Newline            <li>#Newline              <condition name="contactid">#Newline                <li value="unknown">#Newline                  <srai>RESOLVE CONTACTNAME</srai>#Newline                </li>#Newline                <li>#Newline                  <condition name="contacturi">#Newline                    <li value="unknown">#Newline                      <srai>RESOLVE CONTACTURI</srai>#Newline                    </li>#Newline                    <li>#Newline                      <srai>ADDINFO CONTACTID</srai>#Newline                    </li>#Newline                  </condition>#Newline                </li>#Newline              </condition>#Newline            </li>#Newline          </condition>#Newline        </li>#Newline      </condition>,contactaction.aiml
0,CALLACTION,*,*,<srai>CONTACTDEBUGINFO CALLACTION</srai>#Newline      <think>#Newline        <set name="modecom">CALL</set>#Newline      </think>#Newline      <condition name="checkednameoruri">#Newline        <li value="false">#Newline          <srai>RESOLVE NAMEORURI</srai>#Newline        </li>#Newline        <li>#Newline          <condition name="contactname">#Newline            <li value="unknown">#Newline              <srai>ASK CONTACTNAME</srai>#Newline            </li>#Newline            <li>#Newline              <condition name="checkedfamiliarname">#Newline                <li value="false">#Newline                  <srai>RESOLVE FAMILIARNAME</srai>#Newline                </li>#Newline                <li>#Newline                  <condition name="contactid">#Newline                    <li value="unknown">#Newline                      <srai>RESOLVE CONTACTNAME</srai>#Newline                    </li>#Newline                    <li>#Newline                      <condition name="contacturi">#Newline                        <li value="unknown">#Newline                          <srai>RESOLVE CONTACTURI</srai>#Newline                        </li>#Newline                        <li>#Newline                          <oob>#Newline                            <dial>#Newline                              <get name="contacturi"/>#Newline                            </dial>#Newline                          </oob> Now dialing <get name="displayname"/>. <srai>CONTACTFINALIZE</srai></li>#Newline                      </condition>#Newline                    </li>#Newline                  </condition>#Newline                </li>#Newline              </condition>#Newline            </li>#Newline          </condition>#Newline        </li>#Newline      </condition>,contactaction.aiml
0,EMAILADDRESS UNKNOWN *,*,*,<think>#Newline        <set name="emailaddress">#Newline          <srai>EMAILADDRESS HOME <star/></srai>#Newline        </set>#Newline        <condition name="emailaddress" value="unknown">#Newline          <set name="emailaddress">#Newline            <srai>EMAILADDRESS WORK <star/></srai>#Newline          </set>#Newline        </condition>#Newline        <condition name="emailaddress" value="unknown">#Newline          <set name="emailaddress">#Newline            <srai>EMAILADDRESS CUSTOM <star/></srai>#Newline          </set>#Newline        </condition>#Newline      </think>#Newline      <get name="emailaddress"/>,contactaction.aiml
0,NAMEVARIATIONS *,*,*,CONS <star/> NIL,contactaction.aiml
0,NAMEVARIATIONS * *,*,*,CONS <star/> CONS <star index="2"/> CONS <star/><star index="2"/> NIL,contactaction.aiml
0,NAMEVARIATIONS * * *,*,*,CONS <star index="3"/> CONS <star index="2"/> CONS <star index="2"/><star index="3"/> CONS <star/><star index="3"/> CONS <star/> CONS <star/><star index="2"/> CONS <star/><star index="2"/><star index="3"/> NIL,contactaction.aiml
0,NAMEVARIATIONS * * * *,*,*,CONS <star index="4"/> CONS <star index="3"/> CONS <star index="3"/><star index="4"/> CONS <star index="2"/>  CONS <star index="2"/><star index="4"/> CONS <star index="2"/><star index="3"/> CONS <star index="2"/><star index="3"/><star index="4"/> CONS <star/><star index="3"/> CONS <star/><star index="3"/> CONS <star/><star index="3"/><star index="4"/> CONS <star/><star index="2"/> CONS <star/><star index="2"/><star index="4"/> CONS <star/><star index="2"/><star index="3"/> CONS <star/><star index="2"/><star index="3"/><star index="4"/> NIL,contactaction.aiml
0,QUERYINFO EXTERNAL,*,*,<srai>CONTACTDEBUGINFO QUERTYINFO CONTACTID</srai>#Newline      <condition name="contactquery">#Newline        <li value="DISPLAYNAME">#Newline          <sraix>WHAT IS <get name="contactname"/>'s REAL NAME</sraix>#Newline        </li>#Newline        <li value="BIRTHDAY">#Newline          <sraix>WHEN IS <get name="contactname"/>'s BIRTHDAY</sraix>#Newline        </li>#Newline        <li value="DIALNUMBER">#Newline          <sraix>WHAT IS <get name="contactname"/>'s PHONE NUMBER</sraix>#Newline        </li>#Newline        <li value="EMAILADDRESS">#Newline          <sraix>WHAT IS <get name="contactname"/>'s EMAIL ADDREESS</sraix>#Newline        </li>#Newline        <li>#Newline          <sraix>WHO IS <get name="contactname"/></sraix>#Newline        </li>#Newline      </condition>,contactaction.aiml
0,QUERYINFO CONTACTID,*,*,<srai>CONTACTDEBUGINFO QUERTYINFO CONTACTID</srai>#Newline      <think>#Newline        <set name="displayname">#Newline          <srai>DISPLAYNAME <get name="contactid"/></srai>#Newline        </set>#Newline        <set name="contacttype">#Newline          <lowercase>#Newline            <get name="contacttype"/>#Newline          </lowercase>#Newline        </set>#Newline        <set name="contactbirthday">#Newline          <srai>CONTACTBIRTHDAY <get name="contactid"/></srai>#Newline        </set>#Newline        <set name="dialnumber">#Newline          <srai>DIALNUMBER <get name="contacttype"/><get name="contactid"/></srai>#Newline        </set>#Newline        <set name="emailaddress">#Newline          <srai>EMAILADDRESS <get name="contacttype"/><get name="contactid"/></srai>#Newline        </set>#Newline      </think>#Newline      <condition name="contactquery">#Newline        <li value="DISPLAYNAME">#Newline          <condition name="displayname">#Newline            <li value="unknown">#Newline              <get name="contactname"/>'s full name is <get name="contactname"/>.</li>#Newline            <li>#Newline              <get name="contactname"/>'s full name is <get name="displayname"/>.</li>#Newline          </condition>#Newline        </li>#Newline        <li value="BIRTHDAY">#Newline          <condition name="contactbirthday">#Newline            <li value="unknown">You don't have <get name="displayname"/>'s birthday in your contacts.</li>#Newline            <li>#Newline              <get name="displayname"/>'s birthday is <get name="contactbirthday"/>.</li>#Newline          </condition>#Newline        </li>#Newline        <li value="DIALNUMBER">#Newline          <condition name="dialnumber">#Newline            <li value="unknown">I couldn't find a <condition name="contacttype"><li value="unknown">phone</li><li><get name="contacttype"/></li></condition> number for <get name="displayname"/> in your contacts.</li>#Newline            <li>#Newline              <get name="displayname"/>'s <condition name="contacttype"><li value="unknown">phone</li><li><get name="contacttype"/></li></condition> number is <get name="dialnumber"/>.</li>#Newline          </condition>#Newline        </li>#Newline        <li value="EMAILADDRESS">#Newline          <condition name="emailaddress">#Newline            <li value="unknown">I couldn't find <condition name="contacttype"><li value="unknown">an</li><li>a <get name="contacttype"/></li></condition> email address for <get name="displayname"/> in your contacts.</li>#Newline            <li>#Newline              <get name="displayname"/>'s <condition name="contacttype"><li value="unknown"/><li><get name="contacttype"/></li></condition> email address is <get name="emailaddress"/>.</li>#Newline          </condition>#Newline        </li>#Newline        <li>I'm not sure what you're asking.#Newline<!--#Newlinedisplayname: <srai>DISPLAYNAME <get name="contactid"/></srai>#Newlinedialnumber mobile: <srai>DIALNUMBER MOBILE <get name="contactid"/></srai>#Newlinedialnumber home: <srai>DIALNUMBER HOME <get name="contactid"/></srai>#Newlineemailaddress home: <srai>EMAILADDRESS HOME <get name="contactid"/></srai>#Newlineemailaddress work: <srai>EMAILADDRESS WORK <get name="contactid"/></srai>#Newlinebirthday: <srai>CONTACTBIRTHDAY <get name="contactid"/></srai>#Newline--></li>#Newline      </condition>,contactaction.aiml
0,$EMAIL *,*,*,<srai>CONTACTINIT</srai>#Newline      <think>#Newline        <set name="contactname">#Newline          <star/>#Newline        </set>#Newline      </think>#Newline      <srai>EMAILACTION</srai>,contactaction.aiml
0,$EMAIL * AT *,*,*,<srai>CONTACTINIT</srai>#Newline      <think>#Newline        <set name="contactname">#Newline          <star/>#Newline        </set>#Newline        <set name="contacttype">#Newline          <star index="2"/>#Newline        </set>#Newline      </think>#Newline      <srai>EMAILACTION</srai>#Newline      <srai>CONTACTFINALIZE</srai>,contactaction.aiml
0,$EMAIL * AT * DOT *,*,*,<srai>CONTACTINIT</srai>#Newline      <think>#Newline        <set name="contactname">#Newline          <star/> at <star index="2"/> dot <star index="3"/></set>#Newline      </think>#Newline      <srai>EMAILACTION</srai>,contactaction.aiml
0,$EMAIL * MESSAGEBODY *,*,*,<srai>CONTACTINIT</srai>#Newline      <think>#Newline        <set name="contactname">#Newline          <star/>#Newline        </set>#Newline        <set name="messagebody">#Newline          <star index="2"/>#Newline        </set>#Newline      </think>#Newline      <srai>EMAILACTION</srai>,contactaction.aiml
0,$EMAIL MESSAGEBODY *,*,*,<srai>CONTACTINIT</srai>#Newline      <think>#Newline        <set name="messagebody">#Newline          <star/>#Newline        </set>#Newline      </think>#Newline      <srai>EMAILACTION</srai>,contactaction.aiml
0,CALL,*,*,<srai>DIAL</srai>,contactaction.aiml
0,CALL ME AT *,*,*,<srai>CONTACTDEBUGINFO CALL <star/></srai>#Newline      <srai>CONTACTINIT</srai>#Newline      <think>#Newline        <set name="contactname">ME</set>#Newline        <set name="contacttype">#Newline          <star index="2"/>#Newline        </set>#Newline      </think>#Newline      <srai>CALLACTION</srai>,contactaction.aiml
0,CALL *,*,*,<srai>CONTACTDEBUGINFO CALL <star/></srai>#Newline      <srai>CONTACTINIT</srai>#Newline      <think>#Newline        <set name="contactname">#Newline          <star/>#Newline        </set>#Newline      </think>#Newline      <srai>CALLACTION</srai>,contactaction.aiml
0,CALL * AT *,*,*,<srai>CONTACTDEBUGINFO CALL <star/></srai>#Newline      <srai>CONTACTINIT</srai>#Newline      <think>#Newline        <set name="contactname">#Newline          <star/>#Newline        </set>#Newline        <set name="contacttype">#Newline          <star index="2"/>#Newline        </set>#Newline      </think>#Newline      <srai>CALLACTION</srai>,contactaction.aiml
0,ADD CONTACT,*,*,<srai>NEW CONTACT</srai>,contactaction.aiml
0,SMSACTION,*,*,<srai>CONTACTDEBUGINFO SMSACTION</srai>#Newline      <think>#Newline        <set name="modecom">SMS</set>#Newline      </think>#Newline      <condition name="checkednameoruri">#Newline        <li value="false">#Newline          <srai>RESOLVE NAMEORURI</srai>#Newline        </li>#Newline        <li>#Newline          <condition name="contactname">#Newline            <li value="unknown">#Newline              <srai>ASK CONTACTNAME</srai>#Newline            </li>#Newline            <li>#Newline              <condition name="checkedfamiliarname">#Newline                <li value="false">#Newline                  <srai>RESOLVE FAMILIARNAME</srai>#Newline                </li>#Newline                <li>#Newline                  <condition name="contactid">#Newline                    <li value="unknown">#Newline                      <srai>RESOLVE CONTACTNAME</srai>#Newline                    </li>#Newline                    <li>#Newline                      <condition name="contacturi">#Newline                        <li value="unknown">#Newline                          <srai>RESOLVE CONTACTURI</srai>#Newline                        </li>#Newline                        <li>#Newline                          <condition name="messagebody">#Newline                            <li value="unknown">#Newline                              <srai>ASK MESSAGEBODY</srai>#Newline                            </li>#Newline                            <li>#Newline                              <oob>#Newline                                <sms>#Newline                                  <recipient>#Newline                                    <get name="contacturi"/>#Newline                                  </recipient>#Newline                                  <message>#Newline                                    <get name="messagebody"/>#Newline                                  </message>#Newline                                </sms>#Newline                              </oob> Now sending "<get name="messagebody"/>" to <get name="displayname"/>. <srai>CONTACTFINALIZE</srai></li>#Newline                          </condition>#Newline                        </li>#Newline                      </condition>#Newline                    </li>#Newline                  </condition>#Newline                </li>#Newline              </condition>#Newline            </li>#Newline          </condition>#Newline        </li>#Newline      </condition>,contactaction.aiml
0,CONTACTDEBUGINFO *,*,*,<condition name="debugcontact" value="true">#Newline        <star/>:#Newlinecheckedfamiliarname: <get name="checkedfamiliarname"/>.#Newlinecheckednameoruri: <get name="checkednameoruri"/>.#Newlinecontactid: <get name="contactid"/>.#Newlinecontactname: <get name="contactname"/>.#Newlinecontactquery: <get name="contactquery"/>.#Newlinecontacttype: <get name="contacttype"/>.#Newlinecontacturi: <get name="contacturi"/>.#Newlinedialnumber: <get name="dialnumber"/>.#Newlinedisplayname: <get name="displayname"/>.#Newlineemailaddress: <get name="emailaddress"/>.#Newlineexternalname: <get name="externalname"/>.#Newlinefamiliarcontactid: <get name="familiarcontactid"/>.#Newlinefamiliarcontactname: <get name="familiarcontactname"/>.#Newlinefamiliarname: <get name="familiarname"/>.#Newlinefamiliarpredicate: <get name="familiarpredicate"/>.#Newlinefamiliarpronoun: <get name="familiarpronoun"/>#Newlineforceaddcontact: <get name="forceaddcontact"/>.#Newlineisaphonenumber: <get name="isaphonenumber"/>. #Newlineisanemailaddress: <get name="isanemailaddress"/>. #Newlineisacontacturi: <get name="isacontacturi"/>.#Newlineisafamiliarname: <get name="isafamiliarname"/>.#Newlinelearnpattern: <get name="learnpattern"/>.#Newlinemessagebody: <get name="messagebody"/>.#Newlinemodecom: <get name="modecom"/>.#Newlinemultipleids: <get name="multipleids"/>.#Newlinesavedtopic: <get name="savedtopic"/>.#Newlinetopic: <get name="topic"/>.#Newline</condition>,contactaction.aiml
0,SET ALL CONTACTINFO,*,*,<think>#Newline        <set name="displayname">#Newline          <srai>DISPLAYNAME <get name="contactid"/></srai>#Newline        </set>#Newline        <set name="dialnumber">#Newline          <srai>DIALNUMBER <get name="contacttype"/><get name="contactid"/></srai>#Newline        </set>#Newline        <set name="emailaddress">#Newline          <srai>EMAILADDRESS <get name="contacttype"/><get name="contactid"/></srai>#Newline        </set>#Newline        <set name="contactbirthday">#Newline          <srai>CONTACTBIRTHDAY <get name="contacttype"/><get name="contactid"/></srai>#Newline        </set>#Newline      </think>,contactaction.aiml
0,WHEN IS * S BIRTHDAY,*,*,<srai>CONTACTINIT</srai>#Newline      <think>#Newline        <set name="contactname">#Newline          <star/>#Newline        </set>#Newline        <set name="contacttype">#Newline          <star index="2"/>#Newline        </set>#Newline        <set name="contactquery">BIRTHDAY</set>#Newline      </think>#Newline      <srai>QUERYACTION</srai>,contactaction.aiml
0,WHAT IS MY PHONE NUMBER,*,*,<srai>WHAT IS ME S UNKNOWN NUMBER</srai>,contactaction.aiml
0,WHAT IS MY * NUMBER,*,*,<srai>WHAT IS ME S <star/> NUMBER</srai>,contactaction.aiml
0,WHAT IS * S PHONE NUMBER,*,*,<srai>WHAT IS <star/> s UNKNOWN NUMBER</srai>,contactaction.aiml
0,WHAT IS * S * NUMBER,*,*,<srai>CONTACTINIT</srai>#Newline      <think>#Newline        <set name="contactname">#Newline          <star/>#Newline        </set>#Newline        <set name="contacttype">#Newline          <star index="2"/>#Newline        </set>#Newline        <set name="contactquery">DIALNUMBER</set>#Newline      </think>#Newline      <srai>QUERYACTION</srai>,contactaction.aiml
0,COMMASEPARATENAMES *,*,*,<srai>DISPLAYNAME <star/></srai>,contactaction.aiml
0,COMMASEPARATENAMES * *,*,*,<srai>DISPLAYNAME <star/></srai>#Comma <srai>COMMASEPARATENAMES <star index="2"/></srai>,contactaction.aiml
0,MULTIPLENAMES *,*,*,<think>#Newline        <set name="multipleids">#Newline          <srai>MULTIPLEIDS <star/></srai>#Newline        </set>#Newline      </think>#Newline      <condition name="multipleids">#Newline        <li value="false">false</li>#Newline        <li>#Newline          <srai>COMMASEPARATENAMES <get name="multipleids"/></srai>#Newline        </li>#Newline      </condition>,contactaction.aiml
0,CONTACTLIST *,*,*,<item>#Newline        <srai>DISPLAYNAME <star/></srai>#Newline      </item>,contactaction.aiml
0,CONTACTLIST * *,*,*,<srai>CONTACTLIST <star/></srai>#Newline      <srai>CONTACTLIST <star index="2"/></srai>,contactaction.aiml
0,RESUMEACTION QUERY,*,*,<srai>QUERYACTION</srai>,contactaction.aiml
0,RESUMEACTION CALL,*,*,<srai>CALLACTION</srai>,contactaction.aiml
0,RESUMEACTION *,*,*,Stopped processing.,contactaction.aiml
0,RESUMEACTION EMAIL,*,*,<srai>EMAILACTION</srai>,contactaction.aiml
0,RESUMEACTION SMS,*,*,<srai>SMSACTION</srai>,contactaction.aiml
0,RESUMEACTION ADD,*,*,<srai>ADDACTION</srai>,contactaction.aiml
0,QUERYACTION,*,*,<srai>CONTACTDEBUGINFO QUERYACTION</srai>#Newline      <think>#Newline        <set name="modecom">QUERY</set>#Newline      </think>#Newline      <condition name="checkedfamiliarname">#Newline        <li value="false">#Newline          <srai>RESOLVE FAMILIARNAME</srai>#Newline        </li>#Newline        <li>#Newline          <condition name="contactname">#Newline            <li value="unknown">#Newline              <srai>ASK CONTACTNAME</srai>#Newline            </li>#Newline            <li>#Newline              <condition name="contactid">#Newline                <li value="unknown">#Newline                  <srai>RESOLVE CONTACTNAME</srai>#Newline                </li>#Newline                <li>#Newline                  <condition name="externalname">#Newline                    <li value="unknown">#Newline                      <srai>QUERYINFO CONTACTID</srai>#Newline                    </li>#Newline                    <li>#Newline                      <srai>QUERYINFO EXTERNAL</srai>#Newline                    </li>#Newline                  </condition>#Newline                </li>#Newline              </condition>#Newline            </li>#Newline          </condition>#Newline        </li>#Newline      </condition>,contactaction.aiml
0,HOW OLD IS *,*,*,<srai>WHEN IS <star/> S BIRTHDAY</srai>,contactaction.aiml
0,$SMS,*,*,<srai>CONTACTDEBUGINFO SMS</srai>#Newline      <srai>CONTACTINIT</srai>#Newline      <srai>SMSACTION</srai>,contactaction.aiml
0,$SMS SMESSAGE *,*,*,<srai>CONTACTINIT</srai>#Newline      <think>#Newline        <set name="messagebody">#Newline          <star/>#Newline        </set>#Newline      </think>#Newline      <srai>SMSACTION</srai>,contactaction.aiml
0,$SMS *,*,*,<srai>CONTACTINIT</srai>#Newline      <think>#Newline        <set name="contactname">#Newline          <star/>#Newline        </set>#Newline      </think>#Newline      <srai>SMSACTION</srai>,contactaction.aiml
0,$SMS * SMESSAGE *,*,*,<srai>CONTACTINIT</srai>#Newline      <think>#Newline        <set name="contactname">#Newline          <star/>#Newline        </set>#Newline        <set name="messagebody">#Newline          <star index="2"/>#Newline        </set>#Newline      </think>#Newline      <srai>SMSACTION</srai>,contactaction.aiml
